"Compound","BIOCHEMICAL","HMDB_ID","Metabolite","X","X.1","X.2","COMP_ID","Standardized name"
"MQ1","2-aminoadipate","HMDB00510","2-aminoadipate",NA,NA,NA,"6146","alpha-Aminoadipic acid"
"MQ103","2-hydroxyglutaric acid","HMDB59655*","2-hydroxyglutarate",NA,NA,NA,NA,"2-Hydroxyglutaric acid"
"MQ2","3-hydroxykynurenine","HMDB00732","3-hydroxykynurenate",NA,NA,NA,"22110","3-Hydroxykynurenic acid"
"MQ4","3-phosphoglycerate","HMDB00807","3-phosphoglycerate",NA,NA,NA,"1414;40264","3-Phosphoglyceric acid"
"MQ6","Pyridoxate","HMDB00017","4-pyridoxate",NA,NA,NA,"31555","4-Pyridoxic acid"
"QI8439","5-hydroxytryptophan","HMDB00472","5-hydroxytryptophan",NA,NA,NA,NA,"5-Hydroxy-tryptophan"
"MQ100","6-phosphogluconate","HMDB01316","6-phosphogluconate",NA,NA,NA,NA,"6-Phosphogluconic acid"
"MQ8","Cis-aconitate","HMDB00072*","aconitate",NA,NA,NA,"46173","trans-Aconitic acid"
"MQ9","Adenine","HMDB00034","adenine",NA,NA,NA,"554","Adenine"
"MQ11","Adipate","HMDB00448","adipate",NA,NA,NA,"21134","Adipic acid"
"MQ14","Adenosine 5'-diphosphate (ADP)","HMDB01341","ADP",NA,NA,NA,"3108","ADP"
"MQ5","Glycerol 3-phosphate or Glycerol 3-phosphate (G3P)","HMDB00126","alpha-glycerophosphate",NA,NA,NA,"43847","sn-Glycero-3-phosphate"
"MQ101","2-hydroxybutyrate (AHB)","HMDB00008","alpha-hydroxybutyrate",NA,NA,NA,"21044","2S-Hydroxybutyric acid"
"MQ13","Adenosine 5'-monophosphate (AMP)","HMDB00045","AMP",NA,NA,NA,"32342","AMP"
"MQ116",NA,"HMDB00538","ATP",NA,NA,NA,NA,"ATP"
"MQ102","Beta-hydroxybutyrate","HMDB00011","beta-hydroxybutyrate",NA,NA,NA,NA,"3R-Hydroxybutyric acid"
"QI7469","C14:0 CE","HMDB06725","C14:0 CE",NA,NA,NA,NA,"CE 14:0"
"QI14069","1-myristoylglycerophosphocholine (14:0)","HMDB10379","C14:0 LPC",NA,NA,NA,"35626;45453","LPC 14:0"
"QI4680","Myristoyl sphingomyelin* or Sphingomyelin (d18:1/14:0, d16:1/16:0)*","HMDB12097","C14:0 SM",NA,NA,NA,"42463","SM 18:1;O2/14:0"
"QI7643","C16:0 CE","HMDB00885","C16:0 CE",NA,NA,NA,NA,"CE 16:0"
"QI12012","N-palmitoyl-sphingosine (d18:1/16:0)","HMDB04949","C16:0 Ceramide (d18:1)",NA,NA,NA,"44877","Cer 18:1;O2/16:0"
"QI3511","1-palmitoyl-GPC (16:0) or 1-palmitoylglycerophosphocholine (16:0)","HMDB10382","C16:0 LPC",NA,NA,NA,"33955","LPC 16:0/0:0"
"TF12","1-palmitoyl-GPC (16:0) or 1-palmitoylglycerophosphocholine (16:0)","HMDB10382","C16:0 LPC",NA,NA,NA,"33955","LPC 16:0/0:0"
"QI3528","1-palmitoyl-GPE (16:0) or 1-palmitoylglycerophosphoethanolamine","HMDB11503","C16:0 LPE",NA,NA,NA,"35631","LPE 16:0"
"QI12160","C16:0 SM","HMDB10169","C16:0 SM",NA,NA,NA,NA,"SM 18:1;O2/16:0"
"TF13","C16:0 SM","HMDB10169","C16:0 SM",NA,NA,NA,NA,"SM 18:1;O2/16:0"
"QI9634","C16:1 CE","HMDB00658*","C16:1 CE",NA,NA,NA,NA,"CE 16:1"
"QI3208","C16:1 LPC","HMDB10383*","C16:1 LPC",NA,NA,NA,NA,"LPC 16:1"
"QI9305","C18:0 CE","HMDB10368","C18:0 CE",NA,NA,NA,NA,"CE 18:0"
"QI13300","1-stearoyl-GPC (18:0) or 1-stearoylglycerophosphocholine (18:0)","HMDB10384","C18:0 LPC",NA,NA,NA,"33961","LPC 18:0"
"QI13275","1-stearoyl-GPE (18:0) or 1-stearoylglycerophosphoethanolamine","HMDB11130","C18:0 LPE",NA,NA,NA,"42398","LPE 18:0"
"TF14","1-stearoyl-GPE (18:0) or 1-stearoylglycerophosphoethanolamine","HMDB11130*","C18:0 LPE-B",NA,NA,NA,"42398","LPE 18:0"
"QI5476","Stearoyl sphingomyelin or Stearoyl sphingomyelin (d18:1/18:0)","HMDB01348","C18:0 SM",NA,NA,NA,"19503","SM 18:1;O2/18:0"
"QI7682","C18:1 CE","HMDB00918*","C18:1 CE",NA,NA,NA,NA,"CE 18:1"
"QI3628","1-oleoyl-GPC (18:1) or 1-oleoylglycerophosphocholine (18:1)","HMDB02815*","C18:1 LPC",NA,NA,NA,"48258","LPC 18:1"
"QI13506","1-oleoyl-GPE (18:1) or 1-oleoylglycerophosphoethanolamine","HMDB11506*","C18:1 LPE",NA,NA,NA,"35628","LPE 18:1"
"QI11983","Oleoyl sphingomyelin or Sphingomyelin (d18:1/18:1, d18:2/18:0)","HMDB12101*","C18:1 SM",NA,NA,NA,"37529","SM 18:1;O2/18:1"
"QI9592","C18:2 CE","HMDB00610*","C18:2 CE",NA,NA,NA,NA,"CE 18:2"
"QI3332","1-linoleoyl-GPC (18:2) or 1-linoleoylglycerophosphocholine (18:2n6)","HMDB10386*","C18:2 LPC",NA,NA,NA,"34419","LPC 18:2"
"TF15","1-linoleoyl-GPC (18:2) or 1-linoleoylglycerophosphocholine (18:2n6)","HMDB10386*","C18:2 LPC",NA,NA,NA,"34419","LPC 18:2"
"QI3352","1-linoleoyl-GPE (18:2)* or 1-linoleoylglycerophosphoethanolamine*","HMDB11507*","C18:2 LPE",NA,NA,NA,"36600","LPE 18:2"
"QI7435","C18:3 CE","HMDB10370*","C18:3 CE",NA,NA,NA,NA,"CE 18:3"
"QI3493",NA,"HMDB10387*","C18:3 LPC",NA,NA,NA,NA,"LPC 18:3"
"TF16",NA,"HMDB11478*","C18:3 LPE",NA,NA,NA,NA,"LPE 18:3"
"QI3685","Lysope(20:0/0:0)","HMDB11511","C20:0 LPE",NA,NA,NA,NA,"LPE 20:0"
"QI5976","Arachidoyl sphingomyelin* or Sphingomyelin (d18:1/20:0, d16:1/22:0)*","HMDB12102","C20:0 SM",NA,NA,NA,"48490","SM 18:1;O2/20:0"
"TF17",NA,"HMDB10391*","C20:1 LPC",NA,NA,NA,NA,"LPC 20:1"
"TF18",NA,"HMDB11512*","C20:1 LPE",NA,NA,NA,NA,"LPE 20:1"
"QI9560","C20:3 CE","HMDB06736*","C20:3 CE",NA,NA,NA,NA,"CE 20:3"
"TF19","C20:3 LPC","HMDB10393*","C20:3 LPC",NA,NA,NA,NA,"LPC 20:3"
"QI9666","C20:4 CE","HMDB06726","C20:4 CE",NA,NA,NA,NA,"CE 20:4"
"QI3358","1-arachidonoyl-GPC (20:4n6) or 1-arachidonoylglycerophosphocholine (20:4n6)*","HMDB10395","C20:4 LPC",NA,NA,NA,"33228","LPC 20:4"
"QI3273","1-arachidonoyl-GPE (20:4n6)* or 1-arachidonoylglycerophosphoethanolamine*","HMDB11517","C20:4 LPE",NA,NA,NA,"35186","LPE 20:4(5Z,8Z,11Z,14Z)/0:0"
"QI7367","C20:5 CE","HMDB06731","C20:5 CE",NA,NA,NA,NA,"CE 20:5"
"TF2","C20:5 LPC","HMDB10397","C20:5 LPC",NA,NA,NA,NA,"LPC 20:5"
"QI10713","C22:0 Ceramide (d18:1)","HMDB04952","C22:0 Ceramide (d18:1)",NA,NA,NA,NA,"Cer 18:1;O2/22:0"
"QI4008",NA,"HMDB11520","C22:0 LPE",NA,NA,NA,NA,"LPE 22:0"
"QI6321","Behenoyl sphingomyelin (d18:1/22:0)*","HMDB12103","C22:0 SM",NA,NA,NA,"48492","SM 18:1;O2/22:0"
"TF20","Behenoyl sphingomyelin (d18:1/22:0)*","HMDB12103","C22:0 SM",NA,NA,NA,"48492","SM 18:1;O2/22:0"
"QI11086","Euricoyl sphingomyelin* or Sphingomyelin (d18:1/22:1, d18:2/22:0, d16:1/24:1)*","HMDB12104*","C22:1 SM",NA,NA,NA,"48493","SM 18:1;O2/22:1"
"TF21","Euricoyl sphingomyelin* or Sphingomyelin (d18:1/22:1, d18:2/22:0, d16:1/24:1)*","HMDB12104*","C22:1 SM",NA,NA,NA,"48493","SM 18:1;O2/22:1"
"TF22",NA,"HMDB10401*","C22:4 LPC",NA,NA,NA,NA,"LPC 22:4"
"QI9626","C22:5 CE","HMDB10375*","C22:5 CE",NA,NA,NA,NA,"CE 22:5"
"TF23",NA,"HMDB10403*","C22:5 LPC",NA,NA,NA,NA,"LPC 22:5"
"QI7414","C22:6 CE","HMDB06733","C22:6 CE",NA,NA,NA,NA,"CE 22:6"
"QI3333","C22:6 LPC","HMDB10404","C22:6 LPC",NA,NA,NA,NA,"LPC 22:6"
"QI3355","C22:6 LPE","HMDB11526","C22:6 LPE",NA,NA,NA,NA,"LPE 22:6"
"QI6800","C24:0 Ceramide (d18:1)","HMDB04956","C24:0 Ceramide (d18:1)",NA,NA,NA,NA,"Cer 18:1;O2/24:0"
"TF24","1-lignoceroyl-GPC (24:0)","HMDB10405","C24:0 LPC",NA,NA,NA,"49617","LPC 24:0"
"QI10419","C24:0 SM","HMDB11697","C24:0 SM",NA,NA,NA,NA,"SM 18:1;O2/24:0"
"QI10548","C24:1 Ceramide (d18:1)","HMDB04953*","C24:1 Ceramide (d18:1)",NA,NA,NA,NA,"Cer 18:1;O2/24:1"
"QI6382","Nervonoyl sphingomyelin* or Sphingomyelin (d18:1/24:1, d18:2/24:0)*","HMDB12107*","C24:1 SM",NA,NA,NA,"47153","SM 18:1;O2/24:1"
"QI5500","C30:0 DAG","HMDB07011*","C30:0 DAG",NA,NA,NA,NA,"DG 30:0"
"QI12230","C30:0 PC","HMDB07869*","C30:0 PC",NA,NA,NA,NA,"PC 30:0"
"TF3","C30:1 PC","HMDB07870*","C30:1 PC",NA,NA,NA,NA,"PC 30:1"
"QI5904","1,2-dipalmitoylglycerol","HMDB07098*","C32:0 DAG",NA,NA,NA,"11953;35727","DG 32:0"
"QI11709","C32:0 PC","HMDB07871*","C32:0 PC",NA,NA,NA,NA,"PC 32:0"
"QI12344","1,2-dipalmitoyl-GPE (16:0/16:0)*","HMDB08923*","C32:0 PE",NA,NA,NA,"57341","PE 32:0"
"QI11535","C32:1 DAG","HMDB07099*","C32:1 DAG",NA,NA,NA,NA,"DG 32:1"
"QI12030","C32:1 PC","HMDB07873*","C32:1 PC",NA,NA,NA,NA,"PC 32:1"
"TF10","C32:2 DAG","HMDB07128*","C32:2 DAG",NA,NA,NA,NA,"DG 32:2"
"QI4829","C32:2 PC","HMDB07874*","C32:2 PC",NA,NA,NA,NA,"PC 32:2"
"QI6252","C34:0 DAG","HMDB07100*","C34:0 DAG",NA,NA,NA,NA,"DG 34:0"
"QI5846","1-palmitoyl-2-stearoyl-GPC (16:0/18:0)","HMDB07970*","C34:0 PC",NA,NA,NA,"52616","PC 34:0"
"QI11940","C34:0 PE","HMDB08925*","C34:0 PE",NA,NA,NA,NA,"PE 34:0"
"QI4978","C34:0 PS","HMDB12356*","C34:0 PS",NA,NA,NA,NA,"PS 34:0"
"QI6006","C34:1 DAG","HMDB07102*","C34:1 DAG",NA,NA,NA,NA,"DG 34:1"
"QI5561","1-palmitoyl-2-oleoyl-GPC (16:0/18:1)","HMDB07972*","C34:1 PC",NA,NA,NA,"52461","PC 34:1"
"QI5826","C34:1 PC plasmalogen-A","HMDB11208*","C34:1 PC plasmalogen-A",NA,NA,NA,NA,"PC P-34:1 or PC O-34:2"
"QI6123","C34:1 PC plasmalogen-B","HMDB11239*","C34:1 PC plasmalogen-B",NA,NA,NA,NA,"PC P-34:1 or PC O-34:2"
"QI11384","1-palmitoyl-3-linoleoyl-glycerol (16:0/18:2)* or Palmitoyl-linoleoyl-glycerol (16:0/18:2) [2]*","HMDB07103*","C34:2 DAG",NA,NA,NA,"52634","DG 34:2"
"QI5277","1-palmitoyl-2-linoleoyl-GPC (16:0/18:2)","HMDB07973*","C34:2 PC",NA,NA,NA,"42446","PC 34:2"
"QI11317","C34:2 PC plasmalogen","HMDB11210*","C34:2 PC plasmalogen",NA,NA,NA,NA,"PC P-34:2"
"QI11865","C34:2 PE","HMDB08928*","C34:2 PE",NA,NA,NA,NA,"PE 34:2"
"QI5827","C34:2 PE plasmalogen","HMDB08952*","C34:2 PE plasmalogen",NA,NA,NA,NA,"PE P-34:2"
"QI5461","Palmitoleoyl-linoleoyl-glycerol (16:1/18:2) [1]*","HMDB07132*","C34:3 DAG",NA,NA,NA,"54967","DG 34:3"
"QI4948","C34:3 PC","HMDB08006*","C34:3 PC",NA,NA,NA,NA,"PC 34:3"
"TF8","1-(1-enyl-palmitoyl)-2-linoleoyl-GPC (P-16:0/18:2)*","HMDB11211*","C34:3 PC plasmalogen",NA,NA,NA,"52682","PC P-34:3"
"QI5558","1-(1-enyl-palmitoyl)-2-linoleoyl-GPE (P-16:0/18:2)*","HMDB11343*","C34:3 PE plasmalogen",NA,NA,NA,"52677","PE P-34:3"
"TF4","C34:4 PC","HMDB07883*","C34:4 PC",NA,NA,NA,NA,"PC 34:4"
"QI11383","C34:5 PC plasmalogen","HMDB11214*","C34:5 PC plasmalogen",NA,NA,NA,NA,"PC P-34:5"
"QI6647","C36:0 DAG","HMDB07158*","C36:0 DAG",NA,NA,NA,NA,"DG 36:0"
"QI11569","C36:0 PE","HMDB08991*","C36:0 PE",NA,NA,NA,NA,"PE 36:0"
"QI10708","C36:1 DAG","HMDB07216*","C36:1 DAG",NA,NA,NA,NA,"DG 36:1"
"QI11168","1-stearoyl-2-oleoyl-GPC (18:0/18:1)","HMDB08038*","C36:1 PC",NA,NA,NA,"52438","PC 36:1"
"QI6218","C36:1 PC plasmalogen","HMDB11241*","C36:1 PC plasmalogen",NA,NA,NA,NA,"PC P-36:1"
"QI5968","1-stearoyl-2-oleoyl-GPE (18:0/18:1)","HMDB08993*","C36:1 PE",NA,NA,NA,"42448","PE 36:1"
"QI6161","C36:2 DAG","HMDB07218*","C36:2 DAG",NA,NA,NA,NA,"DG 36:2"
"QI5706","1-stearoyl-2-linoleoyl-GPC (18:0/18:2)*","HMDB08039*","C36:2 PC",NA,NA,NA,"52452","PC 36:2"
"QI5981","C36:2 PC plasmalogen","HMDB11243*","C36:2 PC plasmalogen",NA,NA,NA,NA,"PC P-36:2"
"QI11437","1-stearoyl-2-linoleoyl-GPE(18:0/18:2)*","HMDB08994*","C36:2 PE",NA,NA,NA,"52446","PE 36:2"
"QI10942","C36:2 PE plasmalogen","HMDB09082*","C36:2 PE plasmalogen",NA,NA,NA,NA,"PE P-36:2"
"QI11262","C36:3 DAG","HMDB07219*","C36:3 DAG",NA,NA,NA,NA,"DG 36:3"
"QI11717","C36:3 PC","HMDB08105*","C36:3 PC",NA,NA,NA,NA,"PC 36:3"
"QI11178","C36:3 PC plasmalogen","HMDB11244*","C36:3 PC plasmalogen",NA,NA,NA,NA,"PC P-36:3"
"QI11727","C36:3 PE","HMDB09060*","C36:3 PE",NA,NA,NA,NA,"PE 36:3"
"QI5967","C36:3 PE plasmalogen","HMDB11441*","C36:3 PE plasmalogen",NA,NA,NA,NA,"PE P-36:3"
"QI11543","Linoleoyl-linoleoyl-glycerol (18:2/18:2) [1]*","HMDB07248*","C36:4 DAG",NA,NA,NA,"54968","DG 36:4"
"QI11572","C36:4 PC plasmalogen","HMDB11310*","C36:4 PC plasmalogen",NA,NA,NA,NA,"PC P-36:4"
"TF5","C36:4 PC-A","HMDB07983*","C36:4 PC-A",NA,NA,NA,NA,"PC 36:4"
"QI11861","1,2-dilinoleoyl-GPC (18:2/18:2)","HMDB08138*","C36:4 PC-B",NA,NA,NA,"52603","PC 36:4"
"QI11860","C36:4 PE","HMDB08937*","C36:4 PE",NA,NA,NA,NA,"PE 36:4"
"QI11462","C36:4 PE plasmalogen","HMDB11442*","C36:4 PE plasmalogen",NA,NA,NA,NA,"PE P-36:4"
"QI5299","C36:5 PC plasmalogen-A","HMDB11221*","C36:5 PC plasmalogen-A",NA,NA,NA,NA,"PC P-36:5 or PC O-36:6"
"TF9","1-(1-enyl-palmitoyl)-2-arachidonoyl-GPC (P-16:0/20:4)*","HMDB11220*","C36:5 PC plasmalogen-B",NA,NA,NA,"52689","PC O-16:1/20:4"
"QI5563","C36:5 PE plasmalogen","HMDB11410*","C36:5 PE plasmalogen",NA,NA,NA,NA,"PE P-36:5"
"TF6","C38:2 PC","HMDB08270*","C38:2 PC",NA,NA,NA,NA,"PC 38:2"
"QI11659","C38:2 PE","HMDB08942*","C38:2 PE",NA,NA,NA,NA,"PE 38:2"
"QI11298","C38:3 PC","HMDB08047*","C38:3 PC",NA,NA,NA,NA,"PC 38:3"
"QI5732","C38:3 PE plasmalogen","HMDB11384*","C38:3 PE plasmalogen",NA,NA,NA,NA,"PE P-38:3"
"QI11434","1-stearoyl-2-arachidonoyl-GPC (18:0/20:4)","HMDB08048*","C38:4 PC",NA,NA,NA,"42450","PC 38:4"
"QI5986","C38:4 PC plasmalogen","HMDB11252*","C38:4 PC plasmalogen",NA,NA,NA,NA,"PC P-38:4"
"QI5710","1-stearoyl-2-arachidonoyl-GPE (18:0/20:4)","HMDB09003*","C38:4 PE",NA,NA,NA,"52447","PE 38:4"
"QI5810","C38:5 DAG","HMDB07199*","C38:5 DAG",NA,NA,NA,NA,"DG 38:5"
"QI11167","C38:5 PE plasmalogen","HMDB11386*","C38:5 PE plasmalogen",NA,NA,NA,NA,"PE P-38:5"
"QI5239","C38:6 PC","HMDB07991*","C38:6 PC",NA,NA,NA,NA,"PC 38:6"
"QI11625","C38:6 PC plasmalogen","HMDB11319*","C38:6 PC plasmalogen",NA,NA,NA,NA,"PC P-38:6"
"QI11904","C38:6 PE","HMDB09102*","C38:6 PE",NA,NA,NA,NA,"PE 38:6"
"QI5680","C38:6 PE plasmalogen","HMDB11387*","C38:6 PE plasmalogen",NA,NA,NA,NA,"PE P-38:6"
"QI11561","C38:7 PC plasmalogen","HMDB11229*","C38:7 PC plasmalogen",NA,NA,NA,NA,"PC P-38:7"
"QI11646","C38:7 PE plasmalogen","HMDB11420*","C38:7 PE plasmalogen",NA,NA,NA,NA,"PE P-38:7"
"QI11482","C40:6 PC","HMDB08057*","C40:6 PC",NA,NA,NA,NA,"PC 40:6"
"QI11245","C40:7 PE plasmalogen","HMDB11394*","C40:7 PE plasmalogen",NA,NA,NA,NA,"PE P-40:7"
"TF7","C40:9 PC","HMDB08731*","C40:9 PC",NA,NA,NA,NA,"PC 40:9"
"QI7210","C43:0 TAG","HMDB42062*","C43:0 TAG",NA,NA,NA,NA,"TG 43:0"
"QI7095","C43:1 TAG","HMDB42098*","C43:1 TAG",NA,NA,NA,NA,"TG 43:1"
"QI10151","C43:2 TAG","HMDB43169*","C43:2 TAG",NA,NA,NA,NA,"TG 43:2"
"QI7290","C44:0 TAG","HMDB42063*","C44:0 TAG",NA,NA,NA,NA,"TG 44:0"
"QI9778","C45:0 TAG","HMDB42093*","C45:0 TAG",NA,NA,NA,NA,"TG 45:0"
"QI9887","C45:1 TAG","HMDB42099*","C45:1 TAG",NA,NA,NA,NA,"TG 45:1"
"QI10008","C45:2 TAG","HMDB43170*","C45:2 TAG",NA,NA,NA,NA,"TG 45:2"
"QI9693","C46:0 TAG","HMDB10411*","C46:0 TAG",NA,NA,NA,NA,"TG 46:0"
"QI9924","C46:2 TAG","HMDB10419*","C46:2 TAG",NA,NA,NA,NA,"TG 46:2"
"QI9735","C47:1 TAG","HMDB42100*","C47:1 TAG",NA,NA,NA,NA,"TG 47:1"
"QI7295","C47:2 TAG","HMDB42076*","C47:2 TAG",NA,NA,NA,NA,"TG 47:2"
"QI9559","C48:0 TAG","HMDB05356*","C48:0 TAG",NA,NA,NA,NA,"TG 48:0"
"QI9655","C48:1 TAG","HMDB05359*","C48:1 TAG",NA,NA,NA,NA,"TG 48:1"
"QI9764","C48:2 TAG","HMDB05376*","C48:2 TAG",NA,NA,NA,NA,"TG 48:2"
"QI7260","C48:3 TAG","HMDB05432*","C48:3 TAG",NA,NA,NA,NA,"TG 48:3"
"QI9484","C49:0 TAG","HMDB42095*","C49:0 TAG",NA,NA,NA,NA,"TG 49:0"
"QI7452","C49:2 TAG","HMDB11706*","C49:2 TAG",NA,NA,NA,NA,"TG 49:2"
"QI7347","C49:3 TAG","HMDB42103*","C49:3 TAG",NA,NA,NA,NA,"TG 49:3"
"QI7720","C50:0 TAG","HMDB05357*","C50:0 TAG",NA,NA,NA,NA,"TG 50:0"
"QI7624","C50:1 TAG","HMDB05360*","C50:1 TAG",NA,NA,NA,NA,"TG 50:1"
"QI7527","C50:2 TAG","HMDB05377*","C50:2 TAG",NA,NA,NA,NA,"TG 50:2"
"QI9730","C50:3 TAG","HMDB05433*","C50:3 TAG",NA,NA,NA,NA,"TG 50:3"
"QI7300","C50:4 TAG","HMDB05435*","C50:4 TAG",NA,NA,NA,NA,"TG 50:4"
"QI7188","C50:5 TAG","HMDB10471*","C50:5 TAG",NA,NA,NA,NA,"TG 50:5"
"QI7124","C50:6 TAG","HMDB10497*","C50:6 TAG",NA,NA,NA,NA,"TG 50:6"
"QI9326",NA,"HMDB31106*","C51:0 TAG",NA,NA,NA,NA,"TG 51:0"
"QI9455",NA,"HMDB42104*","C51:1 TAG",NA,NA,NA,NA,"TG 51:1"
"QI9650",NA,"HMDB11701*","C51:3 TAG",NA,NA,NA,NA,"TG 51:3"
"QI9244","C52:0 TAG","HMDB05365*","C52:0 TAG",NA,NA,NA,NA,"TG 52:0"
"QI7775","C52:1 TAG","HMDB05367*","C52:1 TAG",NA,NA,NA,NA,"TG 52:1"
"QI9476","C52:2 TAG","HMDB05369*","C52:2 TAG",NA,NA,NA,NA,"TG 52:2"
"QI9576","C52:3 TAG","HMDB05384*","C52:3 TAG",NA,NA,NA,NA,"TG 52:3"
"QI7460","C52:4 TAG","HMDB05363*","C52:4 TAG",NA,NA,NA,NA,"TG 52:4"
"QI9790","C52:5 TAG","HMDB05380*","C52:5 TAG",NA,NA,NA,NA,"TG 52:5"
"QI9906","C52:6 TAG","HMDB05436*","C52:6 TAG",NA,NA,NA,NA,"TG 52:6"
"QI7172","C52:7 TAG","HMDB10517*","C52:7 TAG",NA,NA,NA,NA,"TG 52:7"
"QI9419","C53:2 TAG","HMDB42196*","C53:2 TAG",NA,NA,NA,NA,"TG 53:2"
"QI7625",NA,"HMDB43058*","C53:3 TAG",NA,NA,NA,NA,"TG 53:3"
"QI9205","C54:1 TAG","HMDB05395*","C54:1 TAG",NA,NA,NA,NA,"TG 54:1"
"QI7823","C54:2 TAG","HMDB05403*","C54:2 TAG",NA,NA,NA,NA,"TG 54:2"
"QI7701","C54:3 TAG","HMDB05405*","C54:3 TAG",NA,NA,NA,NA,"TG 54:3"
"QI7603","C54:4 TAG","HMDB05370*","C54:4 TAG",NA,NA,NA,NA,"TG 54:4"
"QI7501","C54:5 TAG","HMDB05385*","C54:5 TAG",NA,NA,NA,NA,"TG 54:5"
"QI7395","C54:6 TAG","HMDB05391*","C54:6 TAG",NA,NA,NA,NA,"TG 54:6"
"TF11","C54:7 TAG","HMDB05447*","C54:7 TAG",NA,NA,NA,NA,"TG 54:7"
"QI7234","C54:8 TAG","HMDB10518*","C54:8 TAG",NA,NA,NA,NA,"TG 54:8"
"QI10095","C54:9 TAG","HMDB10498*","C54:9 TAG",NA,NA,NA,NA,"TG 54:9"
"QI7900","C55:2 TAG","HMDB42226*","C55:2 TAG",NA,NA,NA,NA,"TG 55:2"
"QI9355","C55:3 TAG","HMDB42466*","C55:3 TAG",NA,NA,NA,NA,"TG 55:3"
"QI8079","C56:1 TAG","HMDB05396*","C56:1 TAG",NA,NA,NA,NA,"TG 56:1"
"QI7175","C56:10 TAG","HMDB10513*","C56:10 TAG",NA,NA,NA,NA,"TG 56:10"
"QI7969","C56:2 TAG","HMDB05404*","C56:2 TAG",NA,NA,NA,NA,"TG 56:2"
"QI9280","C56:3 TAG","HMDB05410*","C56:3 TAG",NA,NA,NA,NA,"TG 56:3"
"QI7730","C56:4 TAG","HMDB05398*","C56:4 TAG",NA,NA,NA,NA,"TG 56:4"
"QI9563","C56:6 TAG","HMDB05456*","C56:6 TAG",NA,NA,NA,NA,"TG 56:6"
"QI9641","C56:7 TAG","HMDB05462*","C56:7 TAG",NA,NA,NA,NA,"TG 56:7"
"QI7402","C56:8 TAG","HMDB05392*","C56:8 TAG",NA,NA,NA,NA,"TG 56:8"
"QI9859","C56:9 TAG","HMDB05448*","C56:9 TAG",NA,NA,NA,NA,"TG 56:9"
"QI9816","C58:10 TAG","HMDB05476*","C58:10 TAG",NA,NA,NA,NA,"TG 58:10"
"QI7247","C58:11 TAG","HMDB10531*","C58:11 TAG",NA,NA,NA,NA,"TG 58:11"
"QI7444","C58:9 TAG","HMDB05463*","C58:9 TAG",NA,NA,NA,NA,"TG 58:9"
"QI7316","C60:12 TAG","HMDB05478*","C60:12 TAG",NA,NA,NA,NA,"TG 60:12"
"MQ16","Adenosine 3',5'-cyclic monophosphate (cAMP)","HMDB00058","cAMP",NA,NA,NA,"2831","3',5' cyclic AMP"
"QI12603","Campesterol","HMDB02869","campesterol",NA,NA,NA,"33997","Campesterol"
"MQ17",NA,"HMDB01546","CDP",NA,NA,NA,NA,"CDP"
"MQ86",NA,"HMDB00626*","chenodeoxycholate/deoxycholate",NA,NA,NA,NA,"Chenodeoxycholic acid/Deoxycholic acid"
"MQ81","Cholate","HMDB00619","cholate",NA,NA,NA,"22842","Cholic acid"
"QI12606","Cholesterol (Cholest-5-en-3-ol)","HMDB00067","cholesterol",NA,NA,NA,"63","Cholesterol"
"MQ18","Citrate","HMDB00094","citrate",NA,NA,NA,"1564","Citric acid"
"MQ20",NA,"HMDB00095","CMP",NA,NA,NA,NA,"CMP"
"QI9946",NA,"HMDB01072","coenzyme Q10",NA,NA,NA,NA,"Coenzyme Q10"
"MQ21","Cystathionine","HMDB00099","cystathionine",NA,NA,NA,"15705","Cystathionine"
"TF25","Cystine","HMDB00192","cystine",NA,NA,NA,"56","Cystine"
"MQ22","Cytidine","HMDB00089","cytidine",NA,NA,NA,"514","Cytidine"
"QI8466","Cytosine","HMDB00630","cytosine",NA,NA,NA,"573","Cytosine"
"MQ23",NA,"HMDB01202","dCMP",NA,NA,NA,NA,"dCMP"
"MQ24","Dihydroxyacetone","HMDB01473*","DHAP/glyceraldehyde 3P",NA,NA,NA,NA,"Dihydroxyacetone phosphate"
"TF26",NA,"HMDB0240212","DMGV",NA,NA,NA,NA,"DMGV"
"MQ26",NA,"HMDB01409","dUMP",NA,NA,NA,NA,"dUMP"
"MQ27",NA,"HMDB01321","erythrose-4-phosphate",NA,NA,NA,NA,"Erythrose 4-phosphate"
"MQ29",NA,"HMDB00121","folate",NA,NA,NA,NA,"Folic acid"
"MQ30","Glucose (D-glucose)","HMDB00122*","fructose/glucose/galactose",NA,NA,NA,"48152","Hexose"
"MQ32","Fumarate","HMDB00134*","fumarate/maleate",NA,NA,NA,"1643","Fumaric acid"
"TF27","GABA","HMDB00112","GABA",NA,NA,NA,NA,"gamma-Aminobutyric acid"
"MQ33","GDP","HMDB01201","GDP",NA,NA,NA,NA,"GDP"
"MQ34","Glucuronate","HMDB00127","glucuronate",NA,NA,NA,"15443","Glucuronic acid"
"MQ35","Glutathione oxidized","HMDB03337","glutathione oxidized",NA,NA,NA,NA,"Oxidized glutathione"
"MQ82","Glycocholate","HMDB00138","glycocholate",NA,NA,NA,"18476","Glycocholic acid"
"MQ84","Glycodeoxycholate","HMDB00631*","glycodeoxycholate/glycochenodeoxycholate",NA,NA,NA,"18477","Glycodeoxycholic acid"
"MQ37","GMP","HMDB01397","GMP",NA,NA,NA,NA,"GMP"
"MQ38","Guanine","HMDB00132","guanine",NA,NA,NA,"32352","Guanine"
"MQ39","Guanosine","HMDB00133","guanosine",NA,NA,NA,"1573","Guanosine"
"MQ28","Hexose monophosphate","HMDB00124*","hexose monophosphate",NA,NA,NA,NA,"Fructose 6-phosphate"
"MQ40","Hippurate","HMDB00714","hippurate",NA,NA,NA,"15753","Hippuric acid"
"TF28","Homocysteine","HMDB00742","homocysteine",NA,NA,NA,"15128;40266","Homocysteine"
"MQ41",NA,"HMDB00676","homocystine",NA,NA,NA,NA,"Homocystine"
"MQ91","4-hydroxyphenylacetate","HMDB00020","hydroxyphenylacetate",NA,NA,NA,"541","4-Hydroxyphenylacetic acid"
"MQ44","Hypoxanthine","HMDB00157","hypoxanthine",NA,NA,NA,"3127","Hypoxanthine"
"MQ45","IMP","HMDB00175","IMP",NA,NA,NA,NA,"IMP"
"MQ94","Indolepropionate","HMDB02302","indole-3-propionate",NA,NA,NA,"32405","3-Indolepropionic acid"
"MQ92","Indolelactate","HMDB00671","indolelactate",NA,NA,NA,"18349","Indolelactic acid"
"MQ93","3-indoxyl sulfate","HMDB00682","indoxylsulfate",NA,NA,NA,"27672","Indoxyl sulfate"
"MQ46","Inosine","HMDB00195","inosine",NA,NA,NA,"1123","Inosine"
"MQ104","Myo-inositol","HMDB00211","inositol",NA,NA,NA,"1124","Myo-inositol"
"MQ19","Isocitrate","HMDB00193","isocitrate",NA,NA,NA,"12110","Isocitric acid"
"TF29","Isoleucine (L-isoleucine)","HMDB00172","isoleucine",NA,NA,NA,"1125","Isoleucine"
"TF30",NA,"HMDB00704","isoxanthopterin",NA,NA,NA,NA,"Isoxanthopterin"
"MQ47","Kynurenine (L-kynurenine)","HMDB00684","kynurenine",NA,NA,NA,"15140","Kynurenine"
"MQ48","Lactate","HMDB00190","lactate",NA,NA,NA,"527","Lactic acid"
"MQ49","Lactose","HMDB00186","lactose",NA,NA,NA,"567;11454","Lactose"
"TF31","Leucine (L-leucine)","HMDB00687","leucine",NA,NA,NA,"60","Leucine"
"MQ50","Malic acid","HMDB00744","malate",NA,NA,NA,NA,"Malic acid"
"MQ106","MDA","HMDB06112","MDA",NA,NA,NA,NA,"Malondialdehyde"
"QI8489","Metoprolol","HMDB01932","metoprolol",NA,NA,NA,"18037","Metoprolol"
"TF34","N-acetylhistidine","HMDB32055","N-acetylhistidine",NA,NA,NA,"33946","N-Acetylhistidine"
"TF35","N-acetylphenylalanine","HMDB00512","N-acetylphenylalanine",NA,NA,NA,"33950","N-Acetylphenylalanine"
"TF36","N-acetylputrescine","HMDB02064","N-acetylputrescine",NA,NA,NA,"37496","N-Acetylputrescine"
"QI3719","Oleic ethanolamide or Oleoyl ethanolamide","HMDB02088","N-oleoylethanolamine",NA,NA,NA,"38102","Oleoyl-EA"
"TF32","N2,N2-dimethylguanosine","HMDB04824","N2,N2-dimethylguanosine",NA,NA,NA,"35137","N2,N2-Dimethylguanosine"
"MQ57","Oxalate (ethanedioate)","HMDB02329","oxalate",NA,NA,NA,"20694","Oxalic acid"
"QI13532","Palmitoyl ethanolamide","HMDB02100","palmithoylethanolamide",NA,NA,NA,"38165","Palmitoyl-EA"
"MQ58","Pantothenate","HMDB00210","pantothenate",NA,NA,NA,"1508","Pantothenic acid"
"MQ64",NA,"HMDB01548*","pentose monophosphate",NA,NA,NA,NA,"Ribose 5-phosphate"
"MQ59","PEP","HMDB00263","PEP",NA,NA,NA,NA,"Phosphoenolpyruvic acid"
"TF37","Phenylalanine (L-phenylalanine)","HMDB00159","phenylalanine",NA,NA,NA,"64","Phenylalanine"
"TF38","Choline phosphate","HMDB01565","phosphocholine",NA,NA,NA,"34396","Choline phosphate"
"MQ96","Phosphocreatine","HMDB01511","phosphocreatine",NA,NA,NA,NA,"Phosphocreatine"
"MQ60",NA,"HMDB06049","phosphotyrosine",NA,NA,NA,NA,"O-Phosphotyrosine"
"QI15147","Piperine","HMDB29377","piperine",NA,NA,NA,"33935","Piperine"
"MQ61","Propionate","HMDB00237","propionate",NA,NA,NA,NA,"Propionic acid"
"TF39","Pterin","HMDB00802","pterin",NA,NA,NA,NA,"Pterin"
"TF40",NA,"HMDB00239","pyridoxine",NA,NA,NA,NA,"Pyridoxine"
"MQ62","Pyruvate","HMDB00243","pyruvate",NA,NA,NA,"48990","Pyruvic acid"
"MQ63","Oxaloacetate","HMDB00232","quinolinate",NA,NA,NA,"47173","Quinolinic acid"
"MQ65","2-hydroxyhippurate (salicylurate)","HMDB00840","salicylurate",NA,NA,NA,"18281","Salicyluric acid"
"TF41","Sarcosine or Sarcosine (N-Methylglycine)","HMDB00271","sarcosine",NA,NA,NA,"1516","Sarcosine"
"TF42","SDMA","HMDB03334","SDMA",NA,NA,NA,NA,"Symmetric dimethylarginine"
"TF43","Solanidine","HMDB03236","solanidine",NA,NA,NA,"39788","Solanidine"
"MQ66","Sorbitol","HMDB00247","sorbitol",NA,NA,NA,"15053","Sorbitol"
"MQ67","Succinate","HMDB00254","succinate",NA,NA,NA,"1437","Succinic acid"
"MQ69","Sucrose","HMDB00258","sucrose",NA,NA,NA,"1519","Sucrose"
"MQ83","Taurocholate","HMDB00036","taurocholate",NA,NA,NA,"18497","Taurocholic acid"
"MQ70","Thymine","HMDB00262","thymine",NA,NA,NA,NA,"Thymine"
"TF45","Tryptophan (L-tryptophan)","HMDB00929","tryptophan",NA,NA,NA,"54","Tryptophan"
"TF46","Tyrosine","HMDB00158","tyrosine",NA,NA,NA,"1299","Tyrosine"
"MQ72","UDP","HMDB00295","UDP",NA,NA,NA,NA,"UDP"
"MQ73","UDP-galactose/UDP-glucose","HMDB00286*","UDP-galactose/UDP-glucose",NA,NA,NA,NA,"UDP-glucose"
"MQ74","UDP-glucuronic acid","HMDB00935","UDP-glucuronate",NA,NA,NA,NA,"UDP-glucuronic acid"
"MQ71",NA,"HMDB00288","UMP",NA,NA,NA,NA,"UMP"
"MQ75","Uracil","HMDB00300","uracil",NA,NA,NA,"605","Uracil"
"MQ76","Urate","HMDB00289","urate",NA,NA,NA,"1604","Uric acid"
"MQ77","Uridine","HMDB00296","uridine",NA,NA,NA,"606","Uridine"
"TF47","Valine","HMDB00883","valine",NA,NA,NA,"1649","Valine"
"MQ78","Xanthine","HMDB00292","xanthine",NA,NA,NA,"3147","Xanthine"
"MQ79","Xanthurenate","HMDB00881","xanthurenate",NA,NA,NA,"15679","Xanthurenic acid"
